{"CMG_r2": {
    "Claude-3 Haiku": 0.05045,
    "Claude-3 Opus": 0.07656,
    "Claude-3.5 Sonnet": 0.06134,
    "CodeLlama (13B)": 0.03642,
    "CodeLlama (34B)": 0.03684,
    "CodeLlama (7B)": 0.02807,
    "CodeT5 (220M)": 0.02633,
    "DeepSeek coder (1.3B)": 0.02029,
    "DeepSeek coder (33B)": 0.04471,
    "DeepSeek coder (6.7B)": 0.03604,
    "DeepSeek-R1 (671B)": 0.0594,
    "DeepSeek-V3 (671B)": 0.06599,
    "Gemini-1.5 Flash": 0.05865,
    "Gemini-1.5 Pro": 0.06363,
    "GPT-3.5 turbo 0613": 0.04227,
    "GPT-3.5 turbo 1106": 0.03815,
    "GPT-4": 0.05217,
    "GPT-4 turbo": 0.05296,
    "GPT-4o": 0.05548,
    "GPT-4o mini": 0.05158,
    "Llama-3.1 (405B)": 0.06516,
    "Llama-3.1 (70B)": 0.06626,
    "Llama-3.1 (8B)": 0.04768,
    "Llama-3.2 (3B)": 0.04102,
    "Llama-3.3 (70B)": 0.06415,
    "Mistral (7B)": 0.04458,
    "Mixtral (8x7B)": 0.05376,
    "GPT-o1 mini": 0.06712,
    "GPT-o1": 0.0766,
    "Qwen-2.5 coder (32B)": 0.06038,
    "QwQ (32B)": 0.03381
}}