{
    "Bug localization": {
        "Claude-3 Haiku": 0.441,
        "Claude-3.5 Haiku": 0.583,
        "Claude-3.5 Opus": 0.481,
        "Claude-3.5 Sonnet": 0.523,
        "DeepSeek-R1 (70B)": 0.548,
        "DeepSeek-R1 (671B)": 0.538,
        "DeepSeek-V3 (671B)": 0.523,
        "Gemini-1.5 Pro": 0.501,
        "GPT-3.5 turbo 1106": 0.421,
        "GPT-4o": 0.527,
        "GPT-4o mini": 0.416,
        "GPT-o1": 0.576,
        "Llama-3.1 (8B)": 0.305,
        "Llama-3.1 (70B)": 0.351,
        "Llama-3.1 (405B)": 0.465,
        "Llama-3.2 (3B)": 0.321,
        "Qwen-2 (72B)": 0.483,
        "Qwen-2.5 (72B)": 0.517
    },
    "CI-build-repair": {
        "Claude-3.5 Sonnet": 0.24,
        "Claude-3 Haiku": 0.02,
        "Claude-3 Opus": 0.14,
        "DeepSeek-R1 (671B)": 0.23,
        "Gemini-1.5 Pro": 0.10,
        "GPT-4o": 0.10,
        "GPT-o1": 0.24,
        "Llama-3.1 (405B)": 0.04,
        "Llama-3.1 (70B)": 0.05,
        "Llama-3.1 (8B)": 0.0
    },
    "CMG": {
        "Claude-3 Haiku": 0.3012,
        "Claude-3 Opus": 0.3659,
        "Claude-3.5 Sonnet": 0.3485,
        "CodeLlama (13B)": 0.23099,
        "CodeLlama (34B)": 0.24632,
        "CodeLlama (7B)": 0.26638,
        "CodeT5 (220M)": 0.11862,
        "DeepSeek coder (1.3B)": 0.22449,
        "DeepSeek coder (33B)": 0.2908,
        "DeepSeek coder (6.7B)": 0.28567,
        "DeepSeek-R1 (671B)": 0.3494,
        "DeepSeek-V3 (671B)": 0.3576,
        "Gemini-1.5 Flash": 0.3464,
        "Gemini-1.5 Pro": 0.3487,
        "GPT-3.5 turbo 0613": 0.26664,
        "GPT-3.5 turbo 1106": 0.20698,
        "GPT-4": 0.3262,
        "GPT-4 turbo": 0.3439,
        "GPT-4o": 0.3481,
        "GPT-4o mini": 0.3412,
        "GPT-o1 mini": 0.3433,
        "GPT-o1": 0.3638,
        "Llama-3.1 (405B)": 0.3483,
        "Llama-3.1 (70B)": 0.3354,
        "Llama-3.1 (8B)": 0.3102,
        "Llama-3.2 (3B)": 0.2634,
        "Llama-3.3 (70B)": 0.3354,
        "Mistral (7B)": 0.30719,
        "Mixtral (8x7B)": 0.3198,
        "Qwen-2.5 coder (32B)": 0.3374,
        "QwQ (32B)": 0.1407
    },
    "Library based CG": {
        "Claude-3.5 Haiku": 0.402,
        "Claude-3.5 Sonnet": 0.477,
        "Claude-3.7 Sonnet": 0.510,
        "Claude-3 Haiku": 0.320,
        "Claude-3 Opus": 0.490,
        "CodeLlama (7B)": 0.149,
        "DeepSeek-R1 (671B)": 0.376,
        "DeepSeek-V3 (671B)": 0.511,
        "Gemini-1.5 Pro": 0.442,
        "GPT-3.5 turbo": 0.251,
        "GPT-4": 0.380,
        "GPT-4o": 0.410,
        "GPT-4o mini": 0.315,
        "GPT-o1": 0.445,
        "GPT-o1 mini": 0.322,
        "GPT-o3 mini": 0.369,
        "Llama-3 (70B)": 0.318,
        "Llama-3 (8B)": 0.144,
        "Llama-3.1 (8B)": 0.132,
        "Llama-3.1 (70B)": 0.236,
        "Llama-3.1 (405B)": 0.368,
        "Mistral (7B)": 0.177,
        "Mixtral (8x7B)": 0.137,
        "Qwen-2.5 coder (32B)": 0.381
    },
    "Module summarization": {
        "Claude-3.5 Sonnet": 0.6613,
        "Claude-3 Haiku": 0.6488,
        "Claude-3 Opus": 0.6542,
        "DeepSeek-R1 (671B)": 0.6662,
        "Gemini-1.5 Pro": 0.5941,
        "GPT-4o": 0.6702,
        "GPT-o1": 0.7093,
        "Llama-3.3 (70B)": 0.6286,
        "Llama-3.1 (8B)": 0.5822,
        "Llama-3.1 (70B)": 0.5845,
        "Llama-3.1 (405B)": 0.5957,
        "Qwen-2.5 (72B)": 0.6873
    },
    "plcc_proj_lev_path_dist_em": {
        "CodeLlama (7B)": 0.43,
        "DeepSeek coder (1.3B)": 0.38,
        "DeepSeek coder (33B)": 0.46,
        "DeepSeek coder (6.7B)": 0.43,
        "Llama-3.1 (8B)": 0.43,
        "Llama-3.2 (1B)": 0.35,
        "Llama-3.2 (3B)": 0.39,
        "Qwen-2.5 coder (0.5B)": 0.37,
        "Qwen-2.5 coder (1.5B)": 0.4,
        "Qwen-2.5 coder (14B)": 0.48,
        "Qwen-2.5 coder (32B)": 0.49,
        "Qwen-2.5 coder (3B)": 0.43,
        "Qwen-2.5 coder (7B)": 0.45
    }
}